id;code;name;description;public_avalable;spid_level;multivalue;default_values;consent_required;aa_code;attribute_authority_id
1;Delaware payment Customer;Chair Berkshire Industrial;background;e-commerce Court;deposit B2B;true;../fake-data/blob/hipster.txt;false;Sharable indexing Greenland;1
2;bifurcated;Bosnia and Herzegovina panel;North Korean Won;Health Ford copying;utilize Sports Pass;false;../fake-data/blob/hipster.txt;true;Corporate program Customer;2
3;Libyan Arab Jamahiriya Idaho;Practical Concrete Car;payment olive;Soap;Street;true;../fake-data/blob/hipster.txt;false;Balanced Grocery;3
4;Web synthesizing Baby;Producer channels;silver Gorgeous Concrete Chicken Savings Account;UIC-Franc connect Markets;Integration Fresh;false;../fake-data/blob/hipster.txt;true;Plastic;4
5;New Jersey;Clothing Computers;ADP world-class;Trinidad and Tobago;Centers Health;false;../fake-data/blob/hipster.txt;true;Savings Account New York capacitor;5
6;Gorgeous Garden Fantastic;Malawi Investor content-based;deposit Specialist;AGP withdrawal customized;Frozen mission-critical Ameliorated;false;../fake-data/blob/hipster.txt;true;Visionary optimal Buckinghamshire;6
7;Yemen;Gorgeous Clothing;hacking Netherlands Colorado;Intelligent;national;true;../fake-data/blob/hipster.txt;false;New York Convertible Marks;7
8;Incredible Wooden Computer Accountability Dominican Peso;Virgin Islands, British;solutions;French Polynesia Towels;Mobility Borders;true;../fake-data/blob/hipster.txt;false;user-centric;8
9;transmitter;Technician Investor Kentucky;Bacon withdrawal Berkshire;Dynamic Belize;bandwidth integrated;false;../fake-data/blob/hipster.txt;false;Monaco;9
10;Front-line Synchronised superstructure;overriding Berkshire;intermediate holistic;Soap;Underpass Electronics multi-byte;false;../fake-data/blob/hipster.txt;true;Cotton Auto Loan Account;10
